Mom,Infant,Unit,Mos,Year,Sex,DOB,End.Date,Censored,N.Females,N.Males,unit.cat,End.Age,Mom.DOB,Mom.Age,Grooming.F,Total.Mom.Focal,Total.Fem.Focal,Grooming.M,Total.Male.Focal,Index.M,Index.F,Index.F.original,Index.M.original,Band,BandYear,Above.Male,Above.Female,Age.Cat,Takeover,fem.quartile,male.quartile
ID66,ID66_1,C3,4,2009,F,4/11/09,9/30/11,1,2,2,SMALL,2.47,9/19/02,6.56,0.047,4.936,45.657,0.073,5.914,-0.484938139,-0.313203027,-0.557045183,0.10410723,Small,Small_2009,Below,Below,Young,N,2,2
ID6,ID6_1,D,4,2009,M,4/16/09,5/15/09,1,5,2,MEDIUM,0.08,5/20/85,23.91,0.075,5.471,10.690,0.020,10.983,-1.164510567,0.167206224,0.115759757,-1.040232209,Small,Small_2009,Below,Above,Old,N,3,1
ID47,ID47_1,C2,6,2009,M,6/9/09,6/23/09,1,3,1,SMALL,0.04,5/25/89,20.04,0.002,5.681,70.024,0.156,7.458,1.448307918,-1.444062077,-1.623772337,1.88243095,Small,Small_2009,Above,Below,Old,N,1,4
ID98,ID98_3,V,8,2009,M,8/8/09,10/2/11,1,5,1,MEDIUM,2.15,3/1/01,8.44,0.074,12.136,13.921,0.045,10.035,-0.62433152,0.157776121,0.106329655,-0.500053162,Small,Small_2009,Below,Above,Middle-aged,N,3,1
ID8,ID8_2,D,9,2009,F,9/3/09,9/3/14,0,4,2,SMALL,5,2/16/01,8.54,0.120,12.229,10.684,0.062,14.823,-0.418935232,1.329516333,1.21393797,-0.139734537,Small,Small_2009,Below,Above,Middle-aged,N,4,2
ID69,ID69_3,J,11,2009,M,11/19/09,11/19/14,0,3,1,SMALL,5,5/1/01,8.55,0.101,4.949,4.383,0.054,13.307,-0.740641304,0.924500398,0.744790138,-0.306518272,Small,Small_2009,Below,Above,Middle-aged,N,4,1
ID61,ID61_2,C1,1,2010,M,1/1/10,12/20/12,1,7,1,MEDIUM,2.97,7/18/02,7.46,0.129,17.458,79.646,0.020,15.075,-0.858862567,1.848230431,1.925047757,-1.044428883,Small,Small_2010,Below,Above,Young,N,4,1
ID65,ID65_2,C1,1,2010,M,1/15/10,1/15/15,0,7,1,MEDIUM,5,2/15/03,6.92,0.054,7.586,89.518,0.043,15.075,-0.171856559,-0.293080708,-0.216263382,-0.357422874,Small,Small_2010,Below,Below,Young,N,2,2
ID79,ID79_1,C1,1,2010,F,1/24/10,1/24/15,0,7,1,MEDIUM,5,7/24/88,21.5,0.026,18.556,78.548,0.041,15.075,-0.248174778,-1.092440078,-1.015622752,-0.433741094,Small,Small_2010,Below,Below,Old,N,1,2
ID26,ID26_1,V,1,2010,M,1/25/10,5/14/11,1,5,1,MEDIUM,1.3,12/1/01,8.15,0.023,8.250,25.938,0.036,11.984,-0.702290687,-1.039539569,-1.090986035,-0.578012329,Small,Small_2010,Below,Below,Middle-aged,N,1,1
ID11,ID11_2,A,2,2010,F,2/8/10,2/8/15,0,4,2,SMALL,5,11/3/03,6.27,0.028,4.128,13.543,0.048,4.630,-0.508371402,-0.845283025,-0.960861388,-0.229170707,Mid,Mid_2010,Below,Below,Young,N,1,2
ID55,ID55_1,A,2,2010,M,2/8/10,9/22/10,1,4,2,SMALL,0.62,6/12/03,6.66,0.008,4.141,13.530,0.072,4.630,0.200683654,-1.410467456,-1.526045819,0.479884349,Mid,Mid_2010,Above,Below,Young,N,1,3
ID111,ID111_1,V,2,2010,F,2/12/10,8/6/10,1,5,1,MEDIUM,0.48,8/9/94,15.51,0.047,4.238,29.950,0.055,12.241,-0.144147901,-0.353736274,-0.40518274,-0.019869543,Small,Small_2010,Above,Below,Old,N,2,3
ID51,ID51_2,C1,3,2010,M,3/1/10,3/1/15,0,7,1,MEDIUM,5,3/1/97,13,0.064,18.458,82.065,0.033,15.848,-0.485871019,-0.003781457,0.07303587,-0.671437334,Small,Small_2010,Below,Above,Middle-aged,N,3,2
ID91,ID91_2,K,5,2010,M,5/21/10,5/31/10,1,4,2,SMALL,0.03,5/30/91,18.98,0.067,4.738,13.068,0.104,7.229,1.176949117,0.272982973,0.15740461,1.456149812,Small,Small_2010,Above,Above,Old,N,3,4
ID64,ID64_4,C1,7,2010,M,7/9/10,7/9/15,0,7,1,MEDIUM,5,2/17/04,6.39,0.087,9.892,117.255,0.023,19.278,-0.789368242,0.654582633,0.73139996,-0.974934558,Small,Small_2010,Below,Above,Young,Y,4,1
ID68,ID68_2,K,8,2010,M,8/28/10,2/15/11,1,4,2,SMALL,0.47,3/1/01,9.49,0.054,5.279,14.078,0.058,8.261,-0.214554448,-0.088649934,-0.204228298,0.064646247,Small,Small_2010,Below,Below,Middle-aged,N,2,2
ID75,ID75_1,A,9,2010,F,9/5/10,3/2/13,1,4,2,SMALL,2.49,5/30/04,6.27,0.056,5.216,16.078,0.061,6.700,-0.102653328,-0.041541043,-0.157119406,0.176547367,Mid,Mid_2010,Above,Above,Young,N,3,3
ID15,ID15_4,A,9,2010,F,9/11/10,9/11/15,0,4,2,SMALL,5,10/12/01,8.91,0.031,5.743,15.551,0.065,6.700,-0.006814785,-0.759971001,-0.875549364,0.272385911,Mid,Mid_2010,Above,Below,Middle-aged,N,2,3
ID101,ID101_1,G,9,2010,M,9/23/10,9/23/15,0,4,1,SMALL,5,9/26/98,11.99,0.063,4.418,21.006,0.021,17.763,-1.311800853,0.154166303,0.03858794,-1.032600158,Mid,Mid_2010,Below,Above,Middle-aged,N,3,1
ID44,ID44_2,C1,9,2010,M,9/30/10,9/30/15,0,7,1,MEDIUM,5,9/1/94,16.08,0.127,13.554,123.101,0.009,24.008,-1.203820598,1.79738634,1.874203667,-1.389386913,Small,Small_2010,Below,Above,Old,Y,4,1
ID17,ID17_3,G,10,2010,M,10/8/10,10/8/15,0,4,1,SMALL,5,7/23/02,8.21,0.098,4.177,22.562,0.119,19.310,1.598175425,1.154724646,1.039146283,1.87737612,Mid,Mid_2010,Above,Above,Middle-aged,N,4,4
ID72,ID72_2,M,10,2010,F,10/18/10,10/18/15,0,10,2,LARGE,5,1/1/98,12.79,0.071,4.386,24.609,0.069,8.280,1.062965325,0.002987614,0.27220063,0.412631998,Mid,Mid_2010,Above,Above,Middle-aged,Y,3,4
ID28,ID28_2,D,10,2010,M,10/29/10,10/29/15,0,4,2,SMALL,5,5/1/97,13.49,0.075,10.713,36.090,0.026,37.514,-1.15537459,0.499217744,0.383639381,-0.876173895,Small,Small_2010,Below,Above,Middle-aged,N,3,1
ID81,ID81_3,G,10,2010,M,10/30/10,10/30/15,0,4,1,SMALL,5,6/1/96,14.41,0.119,8.278,24.594,0.047,21.888,-0.529009646,1.760811355,1.645232992,-0.249808951,Mid,Mid_2010,Below,Above,Middle-aged,N,4,2
ID50,ID50_3,T,11,2010,F,11/14/10,11/14/15,0,8,5,LARGE,5,6/4/02,8.45,0.053,4.655,30.142,0.047,16.361,0.104117838,-0.373549406,-0.232600182,-0.236370815,Mid,Mid_2010,Above,Below,Middle-aged,N,2,3
ID70,ID70_1,G,11,2010,M,11/27/10,11/27/15,0,4,1,SMALL,5,7/18/01,9.36,0.067,8.265,28.696,0.077,24.452,0.362401878,0.275587717,0.160009354,0.641602573,Mid,Mid_2010,Above,Above,Middle-aged,N,3,3
ID47,ID47_2,C2,12,2010,M,12/8/10,5/21/11,1,1,1,SMALL,0.45,5/25/89,21.54,0.005,12.646,156.186,0.147,37.125,1.968165971,-1.307475026,-1.615449079,2.712133676,Small,Small_2010,Above,Below,Old,N,1,4
ID80,ID80_1,T,6,2011,M,6/30/11,6/29/16,0,8,3,LARGE,5,4/18/06,5.2,0.048,4.118,46.047,0.046,21.738,-0.179026877,-1.276891148,-1.135941925,-0.51951553,Mid,Mid_2011,Below,Below,Young,Y,1,2
ID60,ID60_1,T,7,2011,M,7/14/11,3/25/12,1,9,3,LARGE,0.7,4/8/84,27.26,0.073,6.958,44.843,0.013,22.993,-0.829779105,-0.618115394,-0.413034275,-1.325190095,Mid,Mid_2011,Below,Below,Old,Y,2,1
ID63,ID63_1,T,7,2011,M,7/19/11,7/18/16,0,9,3,LARGE,5,11/15/05,5.67,0.112,4.707,48.129,0.043,22.993,-0.099218495,0.525813552,0.730894672,-0.594629485,Mid,Mid_2011,Above,Above,Young,Y,3,3
ID91,ID91_1,K,8,2011,F,8/24/11,8/23/16,0,2,2,SMALL,5,5/30/91,20.24,0.092,22.493,34.914,0.101,59.402,0.278843046,0.397460338,0.153618181,0.867888415,Small,Small_2011,Above,Above,Old,Y,3,3
ID39,ID39_5,Z,8,2011,F,8/30/11,7/2/13,1,7,1,MEDIUM,1.84,3/26/01,10.43,0.063,6.929,36.865,0.023,8.751,-0.891498953,-0.760495849,-0.683678522,-1.077065269,Mid,Mid_2011,Below,Below,Middle-aged,N,2,1
ID9,ID9_1,B1,9,2011,F,9/5/11,10/29/13,1,9,1,LARGE,2.15,12/1/98,12.76,0.085,5.918,63.541,0.012,94.581,-0.858850407,-0.258138894,-0.053057774,-1.354261396,Mid,Mid_2011,Below,Below,Middle-aged,N,2,1
ID73,ID73_1,T,9,2011,M,9/5/11,8/2/12,1,9,3,LARGE,0.91,6/16/94,17.22,0.052,6.490,46.813,0.095,23.487,1.204141064,-1.205710463,-1.000629343,0.708730075,Mid,Mid_2011,Above,Below,Old,Y,1,4
ID112,ID112_3,T,9,2011,M,9/17/11,6/16/12,1,9,3,LARGE,0.75,6/7/90,21.28,0.042,7.183,46.634,0.079,23.744,0.798021149,-1.491989876,-1.286908756,0.30261016,Mid,Mid_2011,Above,Below,Old,Y,1,4
ID5,ID5_1,Z,9,2011,M,9/18/11,9/17/16,0,7,1,MEDIUM,5,11/6/02,8.87,0.138,6.387,37.916,0.019,8.751,-0.998817264,1.394708351,1.471525677,-1.184383579,Mid,Mid_2011,Below,Above,Middle-aged,N,4,1
ID54,ID54_5,C3,9,2011,F,9/21/11,6/13/12,1,3,1,SMALL,0.73,9/4/02,9.05,0.089,23.329,214.983,0.144,126.103,1.507458402,0.241732161,0.062021901,1.941581434,Small,Small_2011,Above,Above,Middle-aged,Y,3,4
ID58,ID58_1,H2,9,2011,F,9/21/11,10/1/12,1,2,1,SMALL,1.03,7/19/02,9.17,0.055,5.102,35.955,0.136,44.474,1.136162644,-0.693947535,-0.937789691,1.725208013,Far,Far_2011,Above,Below,Middle-aged,N,2,4
ID34,ID34_4,M,9,2011,M,9/24/11,6/16/12,1,10,2,LARGE,0.73,9/9/98,13.04,0.152,6.289,60.515,0.046,28.891,0.149636051,1.623726478,1.892939494,-0.500697275,Mid,Mid_2011,Above,Above,Middle-aged,Y,4,3
ID11,ID11_3,A,9,2011,F,9/25/11,9/24/16,0,3,1,SMALL,5,11/3/03,7.89,0.063,10.544,25.854,0.059,18.248,-0.632785657,-0.520798243,-0.700508503,-0.198662625,Mid,Mid_2011,Below,Below,Young,N,2,1
ID68,ID68_1,K,9,2011,F,9/30/11,1/6/12,1,2,2,SMALL,0.27,3/1/01,10.58,0.088,15.713,40.848,0.047,60.308,-1.07558055,0.262978726,0.019136569,-0.486535181,Small,Small_2011,Below,Above,Middle-aged,Y,3,1
ID8,ID8_3,D,10,2011,M,10/4/11,10/3/16,0,4,2,SMALL,5,2/16/01,10.63,0.109,22.019,57.663,0.074,83.155,-0.101300448,0.765398396,0.649820033,0.177900247,Small,Small_2011,Above,Above,Middle-aged,N,4,3
ID21,ID21_3,M1,11,2011,F,10/5/11,8/10/12,1,8,1,LARGE,0.85,6/6/93,18.33,0.065,7.722,59.256,0.079,29.662,0.639077655,-0.789513973,-0.64856475,0.298589003,Mid,Mid_2011,Above,Below,Old,Y,1,4
ID18,ID18_1,N,10,2011,M,10/15/11,10/14/16,0,4,2,SMALL,5,9/1/05,6.12,0.081,4.158,15.179,0.078,23.668,0.011399657,-0.046667435,-0.162245798,0.290600352,Mid,Mid_2011,Above,Above,Young,N,3,3
ID97,ID97_1,H1,10,2011,F,10/27/11,1/29/13,0,8,1,LARGE,1.26,2/5/94,17.72,0.105,4.242,36.839,0.081,62.236,0.701492745,0.394112124,0.535061347,0.361004092,Far,Far_2011,Above,Above,Old,N,3,4
ID93,ID93_3,T,10,2011,F,10/31/11,11/2/12,1,10,3,LARGE,1.01,10/1/03,8.08,0.111,7.209,47.013,0.024,30.399,-0.40691025,0.420099448,0.689312464,-1.057243577,Mid,Mid_2011,Below,Above,Middle-aged,Y,3,2
ID19,ID19_5,M2,11,2011,M,11/4/11,12/10/11,1,3,1,SMALL,0.1,10/24/02,9.03,0.053,7.699,68.796,0.089,47.365,0.129546291,-0.788489866,-0.968200126,0.563669323,Mid,Mid_2011,Above,Below,Middle-aged,Y,1,3
ID96,ID96_2,V,11,2011,F,11/8/11,11/7/16,0,7,1,MEDIUM,5,2/14/05,6.73,0.087,12.848,83.559,0.051,68.430,-0.209426471,-0.072786934,0.004030392,-0.394992787,Small,Small_2011,Below,Below,Young,N,2,2
ID14,ID14_1,M2,11,2011,F,11/18/11,11/28/11,1,3,1,SMALL,0.03,8/25/97,14.23,0.166,8.901,71.928,0.046,90.228,-0.949082496,2.475559235,2.295848975,-0.514959464,Mid,Mid_2011,Below,Above,Middle-aged,Y,4,1
ID46,ID46_1,N,12,2011,M,12/13/11,12/12/16,0,4,2,SMALL,5,9/1/99,12.28,0.105,11.032,14.143,0.162,41.149,2.110879389,0.648640835,0.533062472,2.390080084,Mid,Mid_2011,Above,Above,Middle-aged,N,4,4
ID98,ID98_1,V,12,2011,M,12/20/11,12/19/16,0,7,1,MEDIUM,5,3/1/01,10.8,0.111,16.019,85.966,0.080,74.867,0.528259497,0.636686881,0.713504207,0.342693181,Small,Small_2011,Above,Above,Middle-aged,N,4,4
ID15,ID15_1,A,12,2011,M,12/28/11,12/27/16,0,3,1,SMALL,5,10/12/01,10.21,0.026,9.764,21.564,0.036,35.697,-1.196541148,-1.580506665,-1.760216924,-0.762418116,Mid,Mid_2011,Below,Below,Middle-aged,N,1,1
ID103,ID103_1,L,1,2012,F,1/3/12,8/9/12,1,8,2,LARGE,0.6,2/5/94,17.91,0.107,4.254,19.350,0.012,5.629,-0.663414088,0.734771379,0.875720602,-1.00390274,Far,Far_2012,Below,Above,Old,Y,4,1
ID106,ID106_1,V,1,2012,M,1/17/12,1/16/17,0,7,1,MEDIUM,5,4/17/94,17.75,0.103,18.250,87.351,0.029,77.303,-0.399128534,0.670098456,0.746915783,-0.58469485,Small,Small_2012,Below,Above,Old,N,4,2
ID7,ID7_1,B1,1,2012,F,1/28/12,1/27/17,0,9,1,LARGE,5,12/15/04,7.12,0.081,6.944,64.891,0.081,120.891,1.215625433,-0.0897535,0.11532762,0.720214443,Mid,Mid_2012,Above,Below,Young,N,2,4
ID26,ID26_3,V,1,2012,F,1/29/12,1/28/17,0,7,1,MEDIUM,5,12/1/01,10.16,0.074,19.151,88.550,0.118,78.072,1.827227244,-0.151855694,-0.075038367,1.641660928,Small,Small_2012,Above,Below,Middle-aged,N,2,4
ID27,ID27_1,B1,2,2012,M,2/16/12,4/29/14,1,9,1,LARGE,2.2,6/12/91,20.68,0.059,7.474,68.008,0.054,126.020,0.535697484,-0.727941963,-0.522860843,0.040286494,Mid,Mid_2012,Above,Below,Old,N,2,4
ID99,ID99_1,V,2,2012,M,2/24/12,2/23/17,0,7,1,MEDIUM,5,2/1/99,13.06,0.072,18.328,95.588,0.024,83.221,-0.502254198,-0.205938939,-0.129121612,-0.687820513,Small,Small_2012,Below,Below,Middle-aged,N,2,2
ID4,ID4_2,N,3,2012,M,3/28/12,3/28/17,0,4,2,SMALL,5,6/1/05,6.82,0.085,7.688,20.742,0.140,49.551,1.88723775,0.340766482,0.225188119,2.166438445,Mid,Mid_2012,Above,Above,Young,N,3,4
ID52,ID52_1,Z,4,2012,F,4/1/12,5/4/14,1,7,1,MEDIUM,2.09,1/1/97,15.25,0.069,8.982,44.367,0.092,10.747,1.162477587,-0.304834441,-0.228017115,0.976911271,Mid,Mid_2012,Above,Below,Old,N,2,4
ID84,ID84_1,J,5,2012,M,5/11/12,5/11/17,0,2,2,SMALL,5,7/1/03,8.86,0.033,22.534,21.692,0.095,140.980,0.477685358,-1.032676101,-1.276518258,1.066730727,Small,Small_2012,Above,Below,Middle-aged,N,1,4
ID100,ID100_1,M2,6,2012,F,6/5/12,6/5/17,0,3,1,SMALL,5,10/1/05,6.68,0.126,10.798,114.993,0.049,128.128,-0.517604156,1.592310252,1.412599992,-0.083481124,Mid,Mid_2012,Below,Above,Young,Y,4,2
ID94,ID94_4,Z,6,2012,F,6/7/12,6/7/17,0,7,1,MEDIUM,5,6/15/04,7.98,0.036,8.225,49.089,0.052,11.000,0.177070709,-1.251027439,-1.174210113,-0.008495607,Mid,Mid_2012,Above,Below,Young,N,1,3
ID31,ID31_3,V,6,2012,M,6/11/12,6/11/17,0,7,1,MEDIUM,5,2/14/05,7.32,0.068,18.758,106.903,0.077,92.881,0.791746112,-0.330594067,-0.25377674,0.606179796,Small,Small_2012,Above,Below,Young,N,2,4
ID67,ID67_1,R,6,2012,F,6/27/12,2/1/13,0,9,1,LARGE,0.6,2/7/88,24.39,0.143,8.497,23.313,0.001,30.590,-0.762201032,1.699663189,1.904744309,-1.257612021,Far,Far_2012,Below,Above,Old,N,4,1
ID56,ID56_2,Z,7,2012,M,7/27/12,2/20/17,1,7,1,MEDIUM,4.57,11/1/05,6.74,0.035,6.069,51.245,0.037,11.000,-0.200858374,-1.290013037,-1.213195711,-0.38642469,Mid,Mid_2012,Below,Below,Young,N,1,2
ID19,ID19_3,M2,8,2012,F,8/7/12,8/7/17,0,3,1,SMALL,5,10/24/02,9.79,0.036,12.529,123.998,0.090,136.842,0.494152995,-1.007974598,-1.187684857,0.928276027,Mid,Mid_2012,Above,Below,Middle-aged,Y,1,4
ID41,ID41_1,H1,8,2012,M,8/27/12,1/31/13,0,9,1,LARGE,0.43,9/5/03,8.98,0.084,5.970,59.195,0.013,88.713,-0.463046953,-0.003831725,0.201249395,-0.958457942,Far,Far_2012,Below,Above,Middle-aged,N,3,2
ID53,ID53_1,H1,9,2012,M,9/3/12,1/30/13,0,9,1,LARGE,0.41,2/5/94,18.58,0.042,6.266,58.898,0.105,87.678,1.810507281,-1.211493996,-1.006412876,1.315096291,Far,Far_2012,Above,Below,Old,N,1,4
ID14,ID14_4,M2,9,2012,M,9/15/12,8/9/13,1,3,1,SMALL,0.9,8/25/97,15.06,0.153,14.224,127.325,0.049,140.083,-0.50644291,2.358236154,2.178525894,-0.072319878,Mid,Mid_2012,Below,Above,Old,Y,4,2
ID107,ID107_1,B1,10,2012,M,10/12/12,3/7/14,1,11,1,LARGE,1.4,12/26/88,23.79,0.018,10.507,93.988,0.006,150.400,-0.34728982,-2.035144605,-1.701799692,-1.152545483,Mid,Mid_2012,Below,Below,Old,Y,1,2
ID85,ID85_2,Z,10,2012,M,10/24/12,8/30/16,1,7,1,MEDIUM,3.85,6/7/91,21.38,0.043,9.513,56.184,0.009,11.997,-0.894389661,-1.05801099,-0.981193663,-1.079955977,Mid,Mid_2012,Below,Below,Old,N,1,1
ID59,ID59_1,B1,10,2012,M,10/26/12,12/20/13,1,11,1,LARGE,1.15,9/9/98,14.13,0.086,9.479,96.513,0.005,150.888,-0.370853651,-0.05703975,0.276305163,-1.176109314,Mid,Mid_2012,Below,Above,Middle-aged,Y,3,2
ID43,ID43_2,M1,10,2012,M,10/29/12,10/29/17,0,8,2,LARGE,5,12/15/04,7.87,0.103,14.756,135.184,0.010,145.104,-0.706926151,0.614307995,0.755257219,-1.047414804,Mid,Mid_2012,Below,Above,Young,Y,4,1
ID68,ID68_4,K,11,2012,F,11/10/12,11/10/17,0,3,2,SMALL,5,3/1/01,11.7,0.095,21.959,44.011,0.052,78.245,-0.444506545,0.706738605,0.527028345,-0.010383513,Small,Small_2012,Below,Above,Middle-aged,N,4,2
ID72,ID72_5,M1,12,2012,F,12/3/12,9/17/14,1,8,2,LARGE,1.79,1/1/98,14.92,0.064,16.603,137.085,0.040,147.802,0.051587802,-0.499407674,-0.358458451,-0.288900851,Mid,Mid_2012,Above,Below,Middle-aged,Y,2,3
ID62,ID62_1,L,12,2012,F,12/11/12,1/31/13,0,8,2,LARGE,0.14,5/7/03,9.6,0.074,5.575,32.081,0.103,7.418,1.613480485,-0.233910468,-0.092961244,1.272991832,Far,Far_2012,Above,Below,Middle-aged,N,2,4
ID61,ID61_1,C1,12,2012,F,12/20/12,12/20/12,1,4,4,SMALL,0.001,7/18/02,10.43,0.111,28.439,276.602,0.014,278.005,-1.215467644,1.097965464,0.982387101,-0.936266949,Small,Small_2012,Below,Above,Middle-aged,N,4,1
ID16,ID16_2,C4,1,2013,F,1/10/13,1/10/18,0,4,1,SMALL,5,6/15/05,7.57,0.052,26.112,278.929,0.056,277.754,0.04252372,-0.062921603,-0.178499966,0.321724415,Small,Small_2013,Above,Above,Young,N,3,3
ID105,ID105_1,L,1,2013,M,1/17/13,1/31/13,0,8,2,LARGE,0.04,1/4/96,17.04,0.070,6.129,33.534,0.155,7.658,3.135440969,0.343347629,0.484296852,2.794952317,Far,Far_2013,Above,Above,Old,N,3,4
ID92,ID92_1,C4,1,2013,M,1/28/13,3/27/13,1,4,1,SMALL,0.16,12/1/05,7.16,0.091,21.368,274.132,0.029,252.359,-0.62596864,1.40084264,1.285264277,-0.346767945,Small,Small_2013,Below,Above,Young,N,4,1
ID54,ID54_1,C3,1,2013,M,1/29/13,1/29/18,0,2,2,SMALL,5,9/4/02,10.4,0.072,38.898,256.602,0.130,252.359,1.571388056,0.806156852,0.562314696,2.160433425,Small,Small_2013,Above,Above,Middle-aged,Y,4,4
ID65,ID65_1,C4,2,2013,F,2/8/13,2/8/18,0,4,1,SMALL,5,2/15/03,9.98,0.033,26.046,269.454,0.102,251.314,1.186741728,-0.789341737,-0.9049201,1.465942423,Small,Small_2013,Above,Below,Middle-aged,N,1,4
ID49,ID49_2,T,2,2013,M,2/9/13,1/21/18,1,10,1,LARGE,4.95,5/15/07,5.74,0.018,6.663,85.711,0.005,47.085,-0.297025003,-1.764837665,-1.495624648,-0.94735833,Mid,Mid_2013,Below,Below,Young,N,1,2
ID42,ID42_1,C3,3,2013,M,3/17/13,9/15/13,1,2,2,SMALL,0.5,7/28/06,6.64,0.028,28.555,263.564,0.059,248.885,-0.17812352,-0.845417393,-1.08925955,0.410921849,Small,Small_2013,Below,Below,Young,Y,1,2
ID69,ID69_2,J,3,2013,F,3/28/13,3/28/18,0,2,2,SMALL,5,5/1/01,11.91,0.026,23.957,24.652,0.115,164.226,1.2065116,-0.923734575,-1.167576731,1.795556969,Small,Small_2013,Above,Below,Middle-aged,N,1,4
ID13,ID13_3,D,4,2013,F,4/1/13,4/1/18,0,4,2,SMALL,5,5/25/07,5.85,0.031,11.064,100.464,0.013,93.617,-1.011036925,-0.881392171,-0.996970534,-0.73183623,Small,Small_2013,Below,Below,Young,N,1,1
ID93,ID93_2,T,4,2013,M,4/10/13,4/10/18,0,10,1,LARGE,5,10/1/03,9.52,0.093,10.222,80.859,0.016,44.171,-0.015629363,1.100400582,1.369613598,-0.665962689,Mid,Mid_2013,Above,Above,Middle-aged,N,4,3
ID73,ID73_2,T,4,2013,F,4/11/13,6/12/13,1,10,1,LARGE,0.17,6/16/94,18.82,0.069,9.364,81.717,0.116,44.171,2.473033592,0.17039078,0.439603796,1.822700266,Mid,Mid_2013,Above,Above,Old,N,3,4
ID50,ID50_2,T,4,2013,F,4/27/13,4/27/18,0,10,1,LARGE,5,6/4/02,10.9,0.077,10.002,79.033,0.020,43.404,0.082990199,0.494422295,0.763635312,-0.567343128,Mid,Mid_2013,Above,Above,Middle-aged,N,3,3
ID28,ID28_3,D,5,2013,M,5/28/13,5/28/18,0,4,2,SMALL,5,5/1/97,16.07,0.093,24.454,75.296,0.023,86.696,-0.777920355,1.482480559,1.366902196,-0.49871966,Small,Small_2013,Below,Above,Old,N,4,1
ID44,ID44_1,C1,6,2013,F,6/1/13,8/31/17,1,3,1,SMALL,4.25,9/1/94,18.75,0.118,24.912,243.157,0.009,236.066,-1.286101804,2.467994919,2.288284659,-0.851978772,Small,Small_2013,Below,Above,Old,N,4,1
ID87,ID87_1,G,6,2013,F,6/13/13,6/13/18,0,5,1,MEDIUM,5,10/24/07,5.64,0.032,5.123,40.463,0.014,71.370,-0.854685788,-0.895119373,-0.94656584,-0.73040743,Mid,Mid_2013,Below,Below,Young,N,1,1
ID17,ID17_1,G,6,2013,M,6/18/13,6/18/18,0,5,1,MEDIUM,5,7/23/02,10.9,0.077,10.128,35.457,0.012,71.370,-0.891390346,0.812370016,0.760923549,-0.767111988,Mid,Mid_2013,Below,Above,Middle-aged,N,4,1
ID24,ID24_1,D,6,2013,F,6/24/13,6/24/18,0,4,2,SMALL,5,1/27/03,10.41,0.076,22.724,79.888,0.107,100.699,1.320981614,0.818272126,0.702693763,1.600182309,Small,Small_2013,Above,Above,Middle-aged,N,4,4
ID12,ID12_1,N,6,2013,M,6/27/13,8/24/13,1,4,2,SMALL,0.16,12/18/06,6.52,0.040,7.839,36.661,0.053,71.348,-0.036994034,-0.537496887,-0.653075251,0.242206661,Mid,Mid_2013,Above,Below,Young,N,2,3
ID71,ID71_2,K,6,2013,M,6/30/13,4/3/14,1,2,2,SMALL,0.76,3/11/07,6.31,0.057,5.687,46.806,0.013,78.090,-1.345086233,0.252200357,0.008358201,-0.756040864,Small,Small_2013,Below,Above,Young,Y,3,1
ID70,ID70_3,G,7,2013,M,7/14/13,7/14/18,0,5,1,MEDIUM,5,7/18/01,11.99,0.046,9.794,37.056,0.017,85.195,-0.76331814,-0.388101713,-0.439548179,-0.639039782,Mid,Mid_2013,Below,Below,Middle-aged,N,2,1
ID35,ID35_1,V,7,2013,M,7/15/13,7/15/18,0,7,1,MEDIUM,5,3/11/07,6.35,0.052,13.969,117.519,0.017,113.096,-0.446980402,-0.273872342,-0.197055015,-0.632546718,Small,Small_2013,Below,Below,Young,N,2,2
ID22,ID22_3,T,7,2013,F,7/16/13,7/16/13,1,9,1,LARGE,0.001,6/18/07,6.08,0.029,7.324,81.940,0.016,43.110,-0.171211886,-1.263343183,-1.058262063,-0.666622876,Mid,Mid_2013,Below,Below,Young,N,1,2
ID77,ID77_1,T,8,2013,M,8/13/13,8/13/18,0,9,1,LARGE,5,8/17/05,7.99,0.057,9.838,84.519,0.006,55.677,-0.414974299,-0.211134959,-0.006053839,-0.910385289,Mid,Mid_2013,Below,Below,Young,N,2,2
ID112,ID112_2,T,8,2013,F,8/18/13,6/20/17,1,9,1,LARGE,3.84,6/7/90,23.2,0.015,9.643,84.714,0.022,55.677,-0.015666376,-1.789086163,-1.584005043,-0.511077366,Mid,Mid_2013,Above,Below,Old,N,1,3
ID81,ID81_2,G,8,2013,M,8/30/13,8/30/18,0,5,1,MEDIUM,5,6/1/96,17.25,0.051,11.024,38.635,0.031,86.724,-0.412889527,-0.179635188,-0.231081655,-0.288611169,Mid,Mid_2013,Below,Below,Old,N,2,2
ID1,ID1_1,T,9,2013,M,9/19/13,2/1/16,1,9,1,LARGE,2.37,11/16/07,5.84,0.033,4.567,94.641,0.000,56.983,-0.571818545,-1.119541289,-0.914460169,-1.067229535,Mid,Mid_2013,Below,Below,Young,N,1,2
ID51,ID51_3,C1,9,2013,M,9/26/13,9/26/18,0,2,1,SMALL,5,3/1/97,16.57,0.067,24.091,214.799,0.023,252.324,-1.096168998,0.617147481,0.373305324,-0.507123629,Small,Small_2013,Below,Above,Old,Y,4,1
ID75,ID75_2,A,9,2013,M,9/29/13,9/29/18,0,4,1,SMALL,5,5/30/04,9.33,0.032,11.003,24.689,0.079,91.980,0.624768306,-0.826112718,-0.941691082,0.903969001,Mid,Mid_2013,Above,Below,Middle-aged,N,1,4
ID34,ID34_3,M1,10,2013,M,10/14/13,1/27/14,1,8,2,LARGE,0.29,9/9/98,15.1,0.102,13.651,146.490,0.009,190.923,-0.497344865,1.551639795,1.692589019,-0.837833518,Mid,Mid_2013,Below,Above,Old,Y,4,2
ID39,ID39_3,Z,10,2013,M,10/17/13,1/9/14,1,8,1,LARGE,0.23,3/26/01,12.56,0.074,9.399,61.917,0.021,120.604,-0.208432607,0.480699265,0.621648488,-0.54892126,Mid,Mid_2013,Below,Above,Middle-aged,N,3,2
ID64,ID64_3,C4,10,2013,M,10/30/13,10/30/18,0,4,1,SMALL,5,2/17/04,9.7,0.080,22.060,204.460,0.048,249.460,-0.141851556,0.998696538,0.883118175,0.137349139,Small,Small_2013,Above,Above,Middle-aged,Y,4,3
ID10,ID10_2,A,11,2013,M,11/3/13,11/3/18,0,4,1,SMALL,5,2/16/08,5.71,0.037,6.129,32.562,0.021,97.541,-0.814262836,-0.648974978,-0.764553342,-0.535062141,Mid,Mid_2013,Below,Below,Young,N,2,1
ID52,ID52_3,Z,11,2013,F,11/5/13,1/21/16,1,8,1,LARGE,2.21,1/1/97,16.84,0.047,11.144,66.462,0.058,148.128,0.703713327,-0.517772623,-0.3768234,0.363224675,Mid,Mid_2013,Above,Below,Old,Y,2,4
ID94,ID94_1,Z,11,2013,F,11/15/13,9/2/16,1,8,1,LARGE,2.8,6/15/04,9.42,0.027,10.744,66.863,0.041,147.101,0.280590607,-1.298147702,-1.157198479,-0.059898045,Mid,Mid_2013,Above,Below,Middle-aged,Y,1,3
ID33,ID33_1,M1,12,2013,F,12/10/13,12/10/18,0,8,3,LARGE,5,12/15/04,8.99,0.100,16.109,156.926,0.031,224.920,0.040328126,1.489712521,1.630661744,-0.300160527,Mid,Mid_2013,Above,Above,Middle-aged,N,4,3
ID25,ID25_1,M1,12,2013,M,12/10/13,4/28/15,1,8,3,LARGE,1.38,2/24/04,9.79,0.043,15.182,157.853,0.026,224.920,-0.08201124,-0.692055445,-0.551106222,-0.422499892,Mid,Mid_2013,Above,Below,Middle-aged,N,2,3
ID26,ID26_2,V,12,2013,F,12/25/13,12/25/18,0,7,1,MEDIUM,5,12/1/01,12.07,0.068,17.613,96.253,0.074,216.592,0.956941649,0.344300129,0.421117456,0.771375333,Small,Small_2013,Above,Above,Middle-aged,N,3,4
ID21,ID21_1,M1,1,2014,F,1/1/14,1/1/19,0,8,3,LARGE,5,6/6/93,20.57,0.146,15.900,160.202,0.032,245.552,0.265350374,3.075607356,3.216556579,-0.075138278,Mid,Mid_2014,Above,Above,Old,N,4,3
ID32,ID32_2,M2,1,2014,M,1/25/14,1/25/19,0,4,2,SMALL,5,11/4/02,11.23,0.054,15.356,160.945,0.026,245.831,-0.632700331,0.164372806,0.048794443,-0.353499636,Mid,Mid_2014,Below,Above,Middle-aged,Y,3,1
ID11,ID11_4,A,2,2014,M,2/17/14,4/27/15,1,4,1,SMALL,1.19,11/3/03,10.29,0.023,11.359,31.448,0.023,140.990,-0.734980897,-0.901369428,-1.016947791,-0.455780202,Mid,Mid_2014,Below,Below,Middle-aged,Y,1,1
ID92,ID92_2,C4,2,2014,M,2/21/14,3/11/15,1,4,1,SMALL,1.05,12/1/05,8.22,0.085,22.669,195.601,0.027,351.982,-0.561665195,1.235102149,1.119523786,-0.2824645,Small,Small_2014,Below,Above,Middle-aged,Y,4,2
ID3,ID3_2,M1,2,2014,F,2/25/14,2/25/19,0,8,2,LARGE,5,7/12/07,6.63,0.069,15.890,157.081,0.023,219.310,-0.14953426,0.435836102,0.576785326,-0.490022913,Mid,Mid_2014,Below,Above,Young,N,3,2
ID15,ID15_2,A,3,2014,M,3/7/14,3/7/19,0,4,1,SMALL,5,10/12/01,12.4,0.026,11.506,32.579,0.060,145.227,0.88639464,-0.792889113,-0.908467476,1.165595335,Mid,Mid_2014,Above,Below,Middle-aged,N,1,4
ID14,ID14_3,M2,3,2014,M,3/18/14,3/18/19,0,4,2,SMALL,5,8/25/97,16.56,0.102,15.963,155.895,0.032,223.074,-0.338358946,1.8133557,1.697777337,-0.059158251,Mid,Mid_2014,Below,Above,Old,N,4,2
ID83,ID83_2,Q,4,2014,M,4/30/14,4/30/19,0,4,1,SMALL,5,11/11/02,11.47,0.038,11.416,108.419,0.021,261.930,-0.841642911,-0.389015633,-0.504593996,-0.562442216,Mid,Mid_2014,Below,Below,Middle-aged,N,2,1
ID104,ID104_1,B1,5,2014,F,5/25/14,5/25/19,0,8,3,LARGE,5,12/1/05,8.48,0.058,12.442,104.339,0.013,261.130,-0.574827076,0.04604463,0.186993853,-0.915315728,Mid,Mid_2014,Below,Above,Middle-aged,N,3,2
ID9,ID9_2,B1,6,2014,F,6/1/14,4/29/15,1,8,3,LARGE,0.91,12/1/98,15.5,0.046,10.971,103.513,0.023,258.552,-0.132562746,-0.357188106,-0.216238883,-0.473051399,Mid,Mid_2014,Above,Below,Old,N,2,3
ID42,ID42_2,C3,6,2014,F,6/13/14,6/13/19,0,3,2,SMALL,5,7/28/06,7.88,0.031,20.264,160.035,0.095,344.528,2.262093638,-0.573699211,-0.753409471,2.69621667,Small,Small_2014,Above,Below,Young,N,2,4
ID88,ID88_2,G,6,2014,F,6/15/14,7/13/17,1,5,1,MEDIUM,3.08,10/24/07,6.64,0.029,8.175,34.313,0.028,163.120,-0.370373052,-0.76986597,-0.821312436,-0.246094694,Mid,Mid_2014,Below,Below,Young,N,1,2
ID22,ID22_2,T,7,2014,M,7/7/14,7/7/19,0,9,1,LARGE,5,6/18/07,7.05,0.061,10.973,87.034,0.012,183.763,-0.473806802,0.10595949,0.31104061,-0.969217792,Mid,Mid_2014,Below,Above,Young,N,3,2
ID86,ID86_1,B1,7,2014,F,7/13/14,7/13/19,0,8,3,LARGE,5,10/30/07,6.7,0.054,6.145,103.179,0.012,260.083,-0.612883279,-0.092390819,0.048558404,-0.953371931,Mid,Mid_2014,Below,Below,Young,N,2,2
ID82,ID82_1,B1,7,2014,M,7/19/14,3/2/15,1,8,3,LARGE,0.62,11/12/06,7.68,0.078,11.488,98.846,0.022,261.115,-0.187187274,0.752592307,0.893541531,-0.527675926,Mid,Mid_2014,Below,Above,Young,N,4,2
ID80,ID80_3,T,8,2014,M,8/2/14,8/5/14,1,9,1,LARGE,0.01,4/18/06,8.29,0.064,10.428,87.600,0.022,184.898,-0.047325097,0.193859143,0.398940263,-0.542736087,Mid,Mid_2014,Above,Above,Middle-aged,N,3,3
ID18,ID18_4,N,8,2014,M,8/14/14,12/23/14,1,5,2,MEDIUM,0.36,9/1/05,8.95,0.051,11.246,43.107,0.017,189.894,-0.85761579,0.012681264,-0.038765202,-0.733337431,Mid,Mid_2014,Below,Above,Middle-aged,N,3,1
ID40,ID40_3,M1,8,2014,F,8/16/14,8/16/19,0,8,1,LARGE,5,2/1/09,5.54,0.039,7.410,144.025,0.056,231.094,1.320582675,-0.605932731,-0.464983507,0.980094023,Mid,Mid_2014,Above,Below,Young,N,2,4
ID72,ID72_1,M1,9,2014,F,9/2/14,9/2/19,0,8,1,LARGE,5,1/1/98,16.67,0.050,13.888,137.772,0.040,228.963,0.611187141,-0.232527728,-0.091578505,0.270698488,Mid,Mid_2014,Above,Below,Old,N,2,4
ID100,ID100_3,M2,9,2014,M,9/9/14,9/9/19,0,4,1,SMALL,5,10/1/05,8.94,0.074,12.913,140.777,0.034,228.175,-0.262651686,0.868136913,0.75255855,0.016549009,Mid,Mid_2014,Below,Above,Middle-aged,N,4,2
ID19,ID19_4,M2,9,2014,F,9/10/14,9/10/19,0,4,1,SMALL,5,10/24/02,11.88,0.032,13.811,139.879,0.077,228.175,1.613932197,-0.582558825,-0.698137188,1.893132892,Mid,Mid_2014,Above,Below,Middle-aged,N,2,4
ID30,ID30_1,B1,9,2014,F,9/14/14,9/20/16,1,9,3,LARGE,2.02,12/1/98,15.79,0.011,10.445,105.354,0.011,283.292,-0.527268578,-1.635186801,-1.430105681,-1.022679567,Mid,Mid_2014,Below,Below,Old,N,1,2
ID96,ID96_3,V,9,2014,F,9/17/14,9/17/19,0,7,1,MEDIUM,5,2/14/05,9.59,0.040,14.700,85.484,0.015,295.623,-0.66669791,-0.497931975,-0.421114648,-0.852264226,Small,Small_2014,Below,Below,Middle-aged,N,2,1
ID34,ID34_1,M1,9,2014,F,9/20/14,8/6/17,1,8,1,LARGE,2.88,9/9/98,16.03,0.084,12.428,142.796,0.013,229.485,-0.584390486,0.939474439,1.080423663,-0.924879139,Mid,Mid_2014,Below,Above,Old,N,4,2
ID76,ID76_1,Q,10,2014,M,10/1/14,4/27/15,1,3,1,SMALL,0.57,2/16/09,5.62,0.013,4.305,114.504,0.003,283.279,-1.787601898,-1.173404394,-1.353114654,-1.353478866,Mid,Mid_2014,Below,Below,Young,N,1,1
ID4,ID4_3,N,10,2014,M,10/1/14,10/1/19,0,5,2,MEDIUM,5,6/1/05,9.33,0.026,13.588,45.151,0.086,200.837,2.183369177,-0.851410977,-0.902857444,2.307647535,Mid,Mid_2014,Above,Below,Middle-aged,N,1,4
ID7,ID7_2,B1,10,2014,M,10/2/14,5/12/17,1,9,3,LARGE,2.61,12/15/04,9.8,0.069,11.879,106.929,0.028,283.528,0.25405032,0.354615461,0.55969658,-0.241360669,Mid,Mid_2014,Above,Above,Middle-aged,N,3,3
ID99,ID99_3,V,10,2014,F,10/3/14,10/3/19,0,7,1,MEDIUM,5,2/1/99,15.67,0.035,14.991,86.946,0.035,295.393,0.233086337,-0.66592555,-0.589108223,0.047520021,Small,Small_2014,Above,Below,Old,N,2,3
ID31,ID31_2,V,10,2014,F,10/9/14,10/9/19,0,7,1,MEDIUM,5,2/14/05,9.65,0.058,15.675,86.263,0.030,297.178,0.036046588,0.118010833,0.194828159,-0.149519727,Small,Small_2014,Above,Above,Middle-aged,N,3,3
ID108,ID108_2,N,11,2014,M,11/12/14,11/12/19,0,5,2,MEDIUM,5,6/15/08,6.41,0.014,7.457,52.629,0.041,198.152,0.192938169,-1.264378583,-1.31582505,0.317216527,Mid,Mid_2014,Above,Below,Young,N,1,3
ID12,ID12_3,N,11,2014,F,11/12/14,1/8/17,1,5,2,MEDIUM,2.16,12/18/06,7.9,0.026,13.229,46.858,0.060,198.152,1.026327648,-0.859661517,-0.911107983,1.150606007,Mid,Mid_2014,Above,Below,Young,Y,1,4
ID71,ID71_4,K,11,2014,F,11/21/14,11/21/19,0,2,1,SMALL,5,3/11/07,7.7,0.071,14.830,20.041,0.075,209.635,1.218261724,0.867781235,0.623939078,1.807307093,Small,Small_2014,Above,Above,Young,N,4,4
ID98,ID98_2,V,11,2014,F,11/30/14,11/30/19,0,7,1,MEDIUM,5,3/1/01,13.75,0.031,14.404,82.447,0.031,293.358,0.064696149,-0.821701126,-0.744883799,-0.120870166,Small,Small_2014,Above,Below,Middle-aged,N,1,3
ID43,ID43_3,M1,12,2014,M,12/8/14,12/8/19,0,8,1,LARGE,5,12/15/04,9.98,0.095,13.560,148.600,0.026,269.319,-0.007735603,1.331644551,1.472593775,-0.348224256,Mid,Mid_2014,Above,Above,Middle-aged,N,4,3
ID46,ID46_2,N,3,2015,F,3/5/15,1/8/17,1,5,2,MEDIUM,1.85,9/1/99,15.51,0.047,11.752,44.831,0.046,235.361,0.006916817,-0.209158226,-0.260604693,0.131195176,Mid,Mid_2015,Above,Below,Old,Y,2,3
ID80,ID80_2,T,3,2015,F,3/25/15,3/24/20,0,8,1,LARGE,5,4/18/06,8.93,0.092,9.689,78.156,0.020,190.296,-0.276961924,1.603132359,1.744081582,-0.617450577,Mid,Mid_2015,Below,Above,Middle-aged,N,4,2
ID39,ID39_4,Z3,5,2015,F,5/28/15,5/27/20,0,4,3,SMALL,5,3/26/01,14.17,0.069,9.484,60.701,0.035,229.073,-0.457747391,0.811374477,0.695796114,-0.178546696,Mid,Mid_2015,Below,Above,Middle-aged,N,4,2
ID78,ID78_2,V,6,2015,M,6/21/15,6/20/20,0,7,1,MEDIUM,5,12/1/07,7.55,0.102,13.418,118.869,0.076,309.576,1.146697944,2.081332785,2.158150112,0.961131628,Small,Small_2015,Above,Above,Young,N,4,4
ID85,ID85_1,Z5,6,2015,M,6/29/15,4/27/18,1,5,3,MEDIUM,2.83,6/7/91,24.06,0.063,8.264,61.174,0.024,230.012,-0.629901984,0.484443221,0.432996754,-0.505623626,Mid,Mid_2015,Below,Above,Old,N,3,1
ID109,ID109_1,T,7,2015,M,7/12/15,7/11/20,0,9,1,LARGE,5,8/5/09,5.93,0.095,5.586,86.747,0.008,197.383,-0.450618718,1.642456654,1.847537774,-0.946029707,Mid,Mid_2015,Below,Above,Young,N,4,2
ID50,ID50_4,T,7,2015,M,7/19/15,10/28/17,1,9,1,LARGE,2.28,6/4/02,13.12,0.063,12.004,83.404,0.004,197.369,-0.562291589,0.242792803,0.447873922,-1.057702579,Mid,Mid_2015,Below,Above,Middle-aged,N,3,2
ID18,ID18_3,N,7,2015,M,7/30/15,1/9/17,1,5,2,MEDIUM,1.45,9/1/05,9.91,0.051,12.597,50.061,0.037,249.612,-0.249729307,-0.056221712,-0.107668179,-0.125450949,Mid,Mid_2015,Below,Above,Middle-aged,Y,3,2
ID49,ID49_1,T,9,2015,M,9/1/15,1/20/18,1,9,1,LARGE,2.39,5/15/07,8.3,0.061,11.428,89.123,0.004,202.204,-0.551009424,0.15604535,0.36112647,-1.046420414,Mid,Mid_2015,Below,Above,Middle-aged,N,3,2
ID94,ID94_2,Z5,9,2015,M,9/15/15,9/14/20,0,4,3,SMALL,5,6/15/04,11.25,0.032,8.794,65.518,0.018,250.347,-0.953016824,-0.826201229,-0.941779592,-0.673816129,Mid,Mid_2015,Below,Below,Middle-aged,N,1,1
ID57,ID57_1,Z3,9,2015,F,9/20/15,9/19/20,0,4,3,SMALL,5,10/2/09,5.97,0.047,4.056,70.256,0.023,252.124,-0.808064441,-0.130100992,-0.245679355,-0.528863746,Mid,Mid_2015,Below,Below,Young,N,2,1
ID90,ID90_2,Z3,9,2015,M,9/26/15,9/25/20,0,4,3,SMALL,5,7/2/07,8.24,0.060,9.944,64.368,0.035,253.824,-0.451813674,0.448036242,0.332457879,-0.172612978,Mid,Mid_2015,Below,Above,Middle-aged,N,3,2
ID84,ID84_3,J1,10,2015,M,10/7/15,10/6/20,0,2,3,SMALL,5,7/1/03,12.27,0.014,21.831,22.506,0.132,225.700,1.964272719,-1.5087655,-1.752607657,2.553318088,Small,Small_2015,Above,Below,Middle-aged,N,1,4
ID68,ID68_3,K,10,2015,M,10/11/15,10/10/20,0,2,1,SMALL,5,3/1/01,14.61,0.042,25.398,24.021,0.112,267.653,1.378439382,-0.264223204,-0.508065361,1.967484751,Small,Small_2015,Above,Below,Middle-aged,N,2,4
ID87,ID87_2,G,10,2015,M,10/14/15,10/13/20,0,5,1,MEDIUM,5,10/24/07,7.97,0.038,11.240,42.179,0.063,196.443,0.487083977,-0.635979636,-0.687426102,0.611362335,Mid,Mid_2015,Above,Below,Young,Y,2,4
ID54,ID54_3,C3,10,2015,F,10/15/15,11/30/16,1,3,1,SMALL,1.13,9/4/02,13.11,0.071,21.502,171.506,0.073,386.595,0.446307931,0.979382997,0.799672737,0.880430963,Small,Small_2015,Above,Above,Middle-aged,N,4,3
ID70,ID70_2,G,10,2015,F,10/15/15,10/22/15,1,5,1,MEDIUM,0.02,7/18/01,14.24,0.039,10.615,42.804,0.048,196.947,0.043234159,-0.575261096,-0.626707562,0.167512517,Mid,Mid_2015,Above,Below,Middle-aged,N,2,3
ID82,ID82_2,B1,10,2015,M,10/17/15,9/20/16,1,11,1,LARGE,0.93,11/12/06,8.93,0.042,9.298,86.431,0.021,366.432,0.236248089,-0.841257796,-0.507912883,-0.569007575,Mid,Mid_2015,Above,Below,Middle-aged,Y,1,3
ID52,ID52_2,Z5,10,2015,F,10/28/15,1/23/16,1,4,3,SMALL,0.24,1/1/97,18.82,0.048,10.105,74.225,0.059,268.523,0.218929362,-0.128415121,-0.243993484,0.498130057,Mid,Mid_2015,Above,Below,Old,N,2,3
ID69,ID69_1,J1,11,2015,F,11/1/15,10/31/20,0,2,3,SMALL,5,5/1/01,14.5,0.015,23.533,23.294,0.108,233.566,1.269653684,-1.457506931,-1.701349087,1.858699053,Small,Small_2015,Above,Below,Middle-aged,N,1,4
ID2,ID2_2,A,11,2015,F,11/11/15,10/30/20,0,5,2,MEDIUM,4.97,2/8/10,5.75,0.034,6.121,54.404,0.018,116.035,-0.790359901,-0.776971008,-0.828417474,-0.666081543,Mid,Mid_2015,Below,Below,Young,Y,1,1
ID32,ID32_3,M2,11,2015,F,11/22/15,10/30/20,0,5,1,MEDIUM,4.94,11/4/02,13.05,0.068,17.372,207.859,0.011,329.254,-0.995379912,0.712686692,0.661240225,-0.871101554,Mid,Mid_2015,Below,Above,Middle-aged,N,4,1
ID112,ID112_1,T,11,2015,F,11/22/15,8/11/17,1,9,1,LARGE,1.72,6/7/90,25.46,0.026,10.801,88.478,0.006,215.208,-0.494708259,-1.423778165,-1.218697045,-0.990119248,Mid,Mid_2015,Below,Below,Old,Y,1,2
ID11,ID11_1,A,11,2015,F,11/26/15,5/1/16,1,5,2,MEDIUM,0.43,11/3/03,12.06,0.050,12.817,46.435,0.012,116.391,-0.961427368,-0.074277142,-0.125723609,-0.83714901,Mid,Mid_2015,Below,Below,Middle-aged,Y,2,1
ID13,ID13_2,D,12,2015,F,12/25/15,10/30/20,0,7,3,MEDIUM,4.85,5/25/07,8.59,0.059,26.872,110.320,0.047,225.224,0.342278079,0.198881185,0.275698512,0.156711763,Small,Small_2015,Above,Above,Middle-aged,N,3,3
ID92,ID92_3,C5,1,2016,M,1/17/16,10/31/20,0,6,1,MEDIUM,4.79,12/1/05,10.13,0.104,26.209,194.404,0.030,399.939,-0.369432114,1.206045858,1.218731288,-0.400076092,Small,Small_2016,Below,Above,Middle-aged,N,4,2
ID75,ID75_3,A,1,2016,F,1/25/16,2/11/17,1,5,2,MEDIUM,1.05,5/30/04,11.66,0.021,12.671,43.728,0.045,95.438,0.421446175,-1.433161404,-1.48460787,0.545724533,Mid,Mid_2016,Above,Below,Middle-aged,Y,1,3
ID64,ID64_1,C5,1,2016,F,1/25/16,6/4/18,1,6,1,MEDIUM,2.36,2/17/04,11.94,0.071,27.253,194.856,0.038,400.130,0.124863252,0.123864384,0.136549814,0.094219274,Small,Small_2016,Above,Above,Middle-aged,N,3,3
ID72,ID72_3,M1,1,2016,M,1/25/16,11/1/20,0,8,1,LARGE,4.77,1/1/98,18.06,0.075,18.866,218.842,0.026,331.791,-0.298520283,0.127418657,0.26836788,-0.639008936,Mid,Mid_2016,Below,Above,Old,N,3,2
ID56,ID56_3,Z3,2,2016,M,2/11/16,6/3/16,1,4,3,SMALL,0.31,11/1/05,10.28,0.045,9.922,65.402,0.040,238.881,-0.026768627,-0.605804814,-0.721383177,0.252432068,Mid,Mid_2016,Above,Below,Middle-aged,N,2,3
ID102,ID102_2,D,2,2016,F,2/25/16,10/30/20,0,7,3,MEDIUM,4.68,1/14/09,7.11,0.104,13.117,142.696,0.018,238.152,-0.995823645,1.142212445,1.219029772,-1.181389961,Small,Small_2016,Below,Above,Young,Y,4,1
ID20,ID20_1,M1,2,2016,F,2/25/16,10/30/20,0,8,1,LARGE,4.68,10/18/10,5.36,0.040,8.406,233.039,0.021,336.290,-0.608049365,-1.003152248,-0.862203024,-0.948538018,Mid,Mid_2016,Below,Below,Young,N,1,2
ID89,ID89_2,D,2,2016,M,2/26/16,10/31/20,0,7,3,MEDIUM,4.68,9/3/09,6.48,0.076,13.047,142.766,0.045,238.152,0.759830609,0.21791594,0.294733266,0.574264293,Small,Small_2016,Above,Above,Young,Y,3,4
ID8,ID8_4,D,3,2016,M,3/5/16,11/1/20,0,7,3,MEDIUM,4.66,2/16/01,15.05,0.110,28.081,128.808,0.084,238.576,3.235697344,1.350402254,1.427219581,3.050131029,Small,Small_2016,Above,Above,Old,Y,4,4
ID48,ID48_2,C3,3,2016,F,3/8/16,10/31/20,0,3,1,SMALL,4.65,2/20/09,7.04,0.047,24.424,213.125,0.055,401.223,0.761209373,-0.476107842,-0.655818102,1.195332405,Small,Small_2016,Above,Below,Young,N,2,4
ID36,ID36_2,D,3,2016,M,3/28/16,11/1/20,0,7,3,MEDIUM,4.6,10/18/09,6.44,0.045,15.589,144.136,0.024,237.697,-0.555802833,-0.792273573,-0.715456246,-0.741369149,Small,Small_2016,Below,Below,Young,Y,1,2
ID28,ID28_1,D,4,2016,M,4/18/16,11/1/20,0,7,3,MEDIUM,4.54,5/1/97,18.97,0.107,29.685,131.628,0.034,205.764,0.049553752,1.229823372,1.306640699,-0.136012564,Small,Small_2016,Above,Above,Old,Y,4,3
ID16,ID16_4,C5,4,2016,F,4/27/16,10/30/20,0,6,1,MEDIUM,4.51,6/15/05,10.87,0.027,30.427,224.490,0.043,383.231,0.472192216,-1.324271276,-1.311585846,0.441548237,Small,Small_2016,Above,Below,Middle-aged,N,1,3
ID24,ID24_2,D,6,2016,M,6/6/16,11/1/20,0,7,4,MEDIUM,4.41,1/27/03,13.36,0.043,29.770,141.399,0.035,220.705,0.122503654,-0.863785112,-0.786967786,-0.063062661,Small,Small_2016,Above,Below,Middle-aged,Y,1,3
ID83,ID83_1,B5,6,2016,M,6/17/16,10/30/19,0,5,1,MEDIUM,3.37,11/11/02,13.6,0.039,6.908,85.511,0.035,227.370,-0.178912211,-0.857955817,-0.909402283,-0.054633853,Mid,Mid_2016,Below,Below,Middle-aged,N,1,2
ID33,ID33_3,M2,6,2016,F,6/17/16,11/1/20,0,5,1,MEDIUM,4.38,12/15/04,11.5,0.061,18.057,235.942,0.050,234.739,0.739186744,-0.15058882,-0.202035287,0.863465102,Mid,Mid_2016,Above,Below,Middle-aged,N,2,4
ID93,ID93_1,T,6,2016,M,6/30/16,11/1/20,0,9,1,LARGE,4.34,10/1/03,12.75,0.097,9.963,72.353,0.007,73.284,-1.364552927,0.802905405,1.007986524,-1.859963916,Mid,Mid_2016,Below,Above,Middle-aged,Y,4,1
ID45,ID45_1,C5,7,2016,M,7/10/16,10/31/20,0,5,1,MEDIUM,4.31,1/24/10,6.46,0.080,16.758,238.573,0.021,360.640,-1.055223374,0.500026613,0.448580147,-0.930945016,Small,Small_2016,Below,Above,Young,N,3,1
ID77,ID77_2,T,7,2016,M,7/20/16,9/16/16,1,9,1,LARGE,0.16,8/17/05,10.92,0.044,9.354,75.297,0.031,72.519,0.195402834,-0.961812526,-0.756731406,-0.300008156,Mid,Mid_2016,Above,Below,Middle-aged,N,1,3
ID35,ID35_4,V,9,2016,M,9/6/16,5/26/17,1,8,4,LARGE,0.72,3/11/07,9.49,0.079,28.635,181.842,0.037,284.201,0.373182524,0.246436658,0.387385881,0.032693871,Small,Small_2016,Above,Above,Middle-aged,Y,3,3
ID71,ID71_1,K,10,2016,F,10/11/16,11/1/20,0,3,1,SMALL,4.06,3/11/07,9.59,0.029,30.908,30.690,0.043,151.006,0.042090474,-1.06077151,-1.24048177,0.476213506,Small,Small_2016,Above,Below,Middle-aged,N,1,3
ID38,ID38_2,T,10,2016,M,10/20/16,6/25/17,1,9,1,LARGE,0.68,11/14/10,5.93,0.062,4.118,79.789,0.023,63.438,-0.348714952,-0.366105599,-0.161024479,-0.844125942,Mid,Mid_2016,Below,Below,Young,Y,2,2
ID42,ID42_3,C3,10,2016,F,10/27/16,10/30/20,0,3,1,SMALL,4.01,7/28/06,10.25,0.063,28.853,217.970,0.055,282.997,0.765533104,0.043636317,-0.136073943,1.199656136,Small,Small_2016,Above,Above,Middle-aged,N,3,4
ID39,ID39_2,Z3,10,2016,F,10/27/16,1/15/18,1,4,2,SMALL,1.22,3/26/01,15.59,0.135,7.677,47.695,0.026,132.343,-0.905746886,2.34412473,2.228546367,-0.626546191,Mid,Mid_2016,Below,Above,Old,N,4,1
ID34,ID34_2,M1,1,2017,M,1/10/17,11/1/20,0,8,1,LARGE,3.81,9/9/98,18.34,0.072,17.040,223.355,0.015,209.939,-0.310918367,0.531152149,0.672101372,-0.65140702,Mid,Mid_2017,Below,Above,Old,N,3,2
ID19,ID19_2,M2,1,2017,F,1/10/17,8/21/19,1,4,1,SMALL,2.61,10/24/02,14.21,0.005,20.799,219.596,0.041,209.939,0.626421143,-1.383243963,-1.498822326,0.905621838,Mid,Mid_2017,Above,Below,Middle-aged,N,1,4
ID81,ID81_1,G,1,2017,F,1/17/17,11/1/20,0,4,4,SMALL,3.79,6/1/96,20.63,0.030,7.696,25.945,0.020,30.502,-0.615432015,-0.580882823,-0.696461186,-0.33623132,Mid,Mid_2017,Below,Below,Old,N,2,2
ID17,ID17_2,G,1,2017,F,1/17/17,11/1/20,0,4,4,SMALL,3.79,7/23/02,14.49,0.024,7.367,26.274,0.067,30.502,2.104627966,-0.767218977,-0.88279734,2.383828661,Mid,Mid_2017,Above,Below,Middle-aged,N,1,4
ID14,ID14_2,M2,2,2017,F,2/1/17,5/21/20,1,5,1,MEDIUM,3.3,8/25/97,19.44,0.043,20.415,210.076,0.016,210.943,-0.720953354,-0.209426915,-0.260873381,-0.596674995,Mid,Mid_2017,Below,Below,Old,N,2,1
ID56,ID56_1,Z3,3,2017,M,3/4/17,10/30/20,0,4,2,SMALL,3.66,11/1/05,11.34,0.055,5.653,33.918,0.057,99.752,1.523034124,0.220598691,0.105020328,1.802234819,Mid,Mid_2017,Above,Above,Middle-aged,N,3,4
ID11,ID11_5,A,3,2017,M,3/15/17,10/30/20,0,7,2,MEDIUM,3.63,11/3/03,13.36,0.061,6.374,27.794,0.014,62.169,-0.530020009,0.244552006,0.321369333,-0.715586325,Mid,Mid_2017,Below,Above,Middle-aged,N,3,2
ID54,ID54_4,C3,4,2017,F,4/1/17,11/1/20,0,3,1,SMALL,3.59,9/4/02,14.57,0.082,30.059,221.531,0.027,232.073,-0.385850264,1.193507942,1.013797682,0.048272768,Small,Small_2017,Below,Above,Middle-aged,N,4,2
ID10,ID10_1,A,4,2017,F,4/15/17,11/1/20,0,7,2,MEDIUM,3.55,2/16/08,9.16,0.041,4.896,24.402,0.030,53.227,0.404826556,-0.413679651,-0.336862325,0.21926024,Mid,Mid_2017,Above,Below,Middle-aged,N,2,3
ID75,ID75_4,A,5,2017,F,5/15/17,11/1/20,0,7,2,MEDIUM,3.47,5/30/04,12.96,0.027,5.508,24.548,0.025,54.346,0.118535566,-0.886028202,-0.809210876,-0.06703075,Mid,Mid_2017,Above,Below,Middle-aged,N,1,3
ID18,ID18_2,N,6,2017,F,6/2/17,11/1/20,0,5,1,MEDIUM,3.42,9/1/05,11.75,0.042,9.690,37.729,0.048,81.934,1.179039673,-0.259928279,-0.311374746,1.303318031,Mid,Mid_2017,Above,Below,Middle-aged,N,2,4
ID108,ID108_1,N,6,2017,F,6/2/17,11/1/20,0,5,1,MEDIUM,3.42,6/15/08,8.96,0.022,10.213,37.206,0.010,81.934,-1.034275599,-0.921153563,-0.97260003,-0.909997241,Mid,Mid_2017,Below,Below,Middle-aged,N,1,1
ID43,ID43_1,M1,6,2017,F,6/10/17,2/27/18,1,8,1,LARGE,0.72,12/15/04,12.48,0.021,14.306,198.590,0.013,172.710,-0.41808208,-1.133826316,-0.992877093,-0.758570733,Mid,Mid_2017,Below,Below,Middle-aged,N,1,2
ID100,ID100_2,M2,6,2017,F,6/20/17,11/1/20,0,5,1,MEDIUM,3.37,10/1/05,11.72,0.054,20.758,189.862,0.017,169.912,-0.651679044,0.150895971,0.099449505,-0.527400686,Mid,Mid_2017,Below,Above,Middle-aged,N,3,1
ID4,ID4_1,N,7,2017,F,7/9/17,4/1/18,1,5,1,MEDIUM,0.73,6/1/05,12.1,0.011,9.263,38.429,0.063,21.858,2.028089582,-1.279606705,-1.331053172,2.15236794,Mid,Mid_2017,Above,Below,Middle-aged,N,1,4
ID15,ID15_3,A,7,2017,F,7/20/17,11/1/20,0,7,2,MEDIUM,3.29,10/12/01,15.77,0.057,6.356,25.242,0.025,51.806,0.157400624,0.112861545,0.189678872,-0.028165692,Mid,Mid_2017,Above,Above,Old,N,3,3
ID88,ID88_1,G,7,2017,F,7/21/17,8/15/17,1,4,2,SMALL,0.07,10/24/07,9.74,0.055,6.382,22.678,0.026,25.946,-0.278900325,0.241672426,0.126094063,0.00030037,Mid,Mid_2017,Below,Above,Middle-aged,N,3,2
ID94,ID94_3,Z5,7,2017,F,7/23/17,4/30/18,1,4,1,SMALL,0.77,6/15/04,13.1,0.040,4.349,31.877,0.008,73.966,-1.30617564,-0.262861524,-0.378439888,-1.026974944,Mid,Mid_2017,Below,Below,Middle-aged,N,2,1
ID3,ID3_1,M1,8,2017,M,8/5/17,8/30/17,1,8,1,LARGE,0.07,7/12/07,10.07,0.083,14.003,199.703,0.005,162.259,-0.897816379,0.891198698,1.032147921,-1.238305032,Mid,Mid_2017,Below,Above,Middle-aged,N,4,1
ID32,ID32_1,M2,8,2017,F,8/28/17,11/1/20,0,5,1,MEDIUM,3.18,11/4/02,14.81,0.076,20.888,197.631,0.011,161.381,-0.990158611,0.861407456,0.809960989,-0.865880253,Mid,Mid_2017,Below,Above,Middle-aged,N,4,1
ID12,ID12_2,N,9,2017,F,9/5/17,11/1/20,0,5,1,MEDIUM,3.16,12/18/06,10.72,0.023,8.530,39.410,0.050,21.858,1.271095505,-0.863075146,-0.914521612,1.395373863,Mid,Mid_2017,Above,Below,Middle-aged,N,1,4
ID72,ID72_4,M1,9,2017,M,9/9/17,9/5/18,1,8,1,LARGE,0.99,1/1/98,19.69,0.056,15.430,203.089,0.015,159.079,-0.314099475,0.026062394,0.167011617,-0.654588128,Mid,Mid_2017,Below,Above,Old,N,3,2
ID2,ID2_1,A,9,2017,M,9/22/17,10/31/20,0,7,2,MEDIUM,3.11,2/8/10,7.62,0.037,5.905,27.218,0.029,49.501,0.370461511,-0.550367317,-0.47354999,0.184895195,Mid,Mid_2017,Above,Below,Young,N,2,3
ID46,ID46_3,N,11,2017,F,11/14/17,11/1/20,0,5,1,MEDIUM,2.97,9/1/99,18.2,0.035,10.395,37.885,0.032,21.418,0.241309045,-0.472288546,-0.523735012,0.365587403,Mid,Mid_2017,Above,Below,Old,N,2,3
ID90,ID90_1,Z3,11,2017,F,11/14/17,11/1/20,0,4,2,SMALL,2.97,7/2/07,10.37,0.089,4.728,32.513,0.006,68.498,-1.445817735,1.335082925,1.219504562,-1.16661704,Mid,Mid_2017,Below,Above,Middle-aged,N,4,1
ID51,ID51_1,C5,11,2017,F,11/28/17,7/8/18,1,5,1,MEDIUM,0.61,3/1/97,20.74,0.050,21.143,162.686,0.027,139.692,-0.069971574,0.007353821,-0.044092645,0.054306784,Small,Small_2017,Above,Above,Old,N,3,3
ID22,ID22_1,T,12,2017,F,12/16/17,11/1/20,0,10,3,LARGE,2.88,6/18/07,10.5,0.047,5.480,47.980,0.016,29.607,0.066239543,-0.417911445,-0.148698429,-0.584093783,Mid,Mid_2017,Above,Below,Middle-aged,Y,2,3
ID39,ID39_1,Z3,12,2017,M,12/19/17,11/1/20,0,4,2,SMALL,2.87,3/26/01,16.73,0.154,4.324,27.347,0.032,68.043,0.066842627,3.485384759,3.369806396,0.346043322,Mid,Mid_2017,Above,Above,Old,N,4,3
ID21,ID21_2,M1,12,2017,F,12/24/17,1/7/18,1,8,1,LARGE,0.04,6/6/93,24.55,0.096,12.734,189.224,0.008,150.219,-0.693398642,1.309078188,1.450027411,-1.033887294,Mid,Mid_2017,Below,Above,Old,N,4,1
ID99,ID99_2,V,1,2018,M,1/5/18,10/31/20,0,6,2,MEDIUM,2.82,2/1/99,18.93,0.049,21.287,130.223,0.041,116.007,0.35823808,0.092318809,0.105004239,0.327594101,Small,Small_2018,Above,Above,Old,N,3,3
ID50,ID50_1,T,1,2018,F,1/10/18,2/19/18,1,10,3,LARGE,0.11,6/4/02,15.6,0.105,5.807,45.535,0.046,29.272,1.342686688,1.784767696,2.053980713,0.692353362,Mid,Mid_2018,Above,Above,Old,Y,4,4
ID40,ID40_1,M1,2,2018,M,2/15/18,8/31/18,1,8,1,LARGE,0.54,2/1/09,9.04,0.061,12.750,187.673,0.007,150.875,-1.812467793,0.372773075,0.513722298,-2.152956446,Mid,Mid_2018,Below,Above,Middle-aged,N,3,1
ID57,ID57_2,Z3,2,2018,M,2/22/18,10/31/20,0,4,2,SMALL,2.69,10/2/09,8.39,0.034,5.612,21.010,0.027,68.807,-0.999623481,-0.307106784,-0.422685147,-0.720422786,Mid,Mid_2018,Below,Below,Middle-aged,N,2,1
ID35,ID35_3,V,3,2018,F,3/22/18,10/30/20,0,6,2,MEDIUM,2.61,3/11/07,11.03,0.090,22.276,130.610,0.042,117.855,0.437472701,1.510524816,1.523210246,0.406828722,Small,Small_2018,Above,Above,Middle-aged,N,4,3
ID96,ID96_1,V,4,2018,M,4/10/18,10/31/20,0,6,2,MEDIUM,2.56,2/14/05,13.15,0.051,20.978,126.698,0.025,116.123,-0.821739691,0.165541459,0.178226889,-0.85238367,Small,Small_2018,Below,Above,Middle-aged,N,3,1
ID64,ID64_2,C5,5,2018,M,5/5/18,10/30/20,0,5,2,MEDIUM,2.49,2/17/04,14.21,0.063,21.690,180.351,0.017,149.774,-1.548617037,0.651686302,0.600239835,-1.424338679,Small,Small_2018,Below,Above,Middle-aged,N,4,1
ID3,ID3_3,M1,5,2018,F,5/20/18,10/30/20,0,6,1,MEDIUM,2.45,7/12/07,10.86,0.068,9.236,146.612,0.033,141.571,-0.200965922,0.76706283,0.77974826,-0.231609901,Mid,Mid_2018,Below,Above,Middle-aged,N,4,2
ID74,ID74_1,V,5,2018,F,5/25/18,11/1/20,0,6,2,MEDIUM,2.44,1/29/12,6.32,0.016,8.940,125.376,0.044,89.296,0.59039861,-1.061713359,-1.049027929,0.559754631,Small,Small_2018,Above,Below,Young,N,1,4
ID37,ID37_2,K,6,2018,F,6/16/18,11/1/20,0,3,1,SMALL,2.38,8/24/11,6.81,0.013,12.590,47.087,0.037,79.315,-0.392747867,-0.982731631,-1.162441891,0.041375165,Small,Small_2018,Below,Below,Young,N,1,2
ID31,ID31_1,V,8,2018,M,8/29/18,11/1/20,0,6,1,MEDIUM,2.18,2/14/05,13.54,0.031,17.188,93.831,0.031,81.498,-0.351276223,-0.528298788,-0.515613358,-0.381920202,Small,Small_2018,Below,Below,Middle-aged,N,2,2
ID33,ID33_2,M1,9,2018,F,9/10/18,10/30/20,0,6,1,MEDIUM,2.14,12/15/04,13.74,0.053,10.369,125.050,0.045,98.005,0.685006294,0.213700994,0.226386424,0.654362315,Mid,Mid_2018,Above,Above,Middle-aged,N,3,4
ID16,ID16_3,C5,10,2018,M,10/17/18,2/3/19,1,4,1,SMALL,0.3,6/15/05,13.34,0.008,16.785,154.422,0.038,109.383,-0.144686913,-1.200433729,-1.316012092,0.134513782,Small,Small_2018,Above,Below,Middle-aged,N,1,3
ID84,ID84_2,J1,11,2018,F,11/21/18,11/1/20,0,2,3,SMALL,1.95,7/1/03,15.39,0.012,18.670,17.366,0.055,75.428,0.751147219,-0.937432535,-1.181274692,1.340192588,Small,Small_2018,Above,Below,Old,N,1,4
ID71,ID71_3,K,11,2018,F,11/22/18,10/30/20,0,3,1,SMALL,1.94,3/11/07,11.7,0.036,20.890,29.442,0.058,25.968,1.172533985,-0.153753538,-0.333463797,1.606657017,Small,Small_2018,Above,Below,Middle-aged,N,2,4
ID109,ID109_2,T2,2,2019,M,2/21/19,8/21/20,0,4,1,SMALL,1.5,8/5/09,9.55,0.066,4.636,32.837,0.040,12.224,-0.002524777,0.508881598,0.393303235,0.276675918,Mid,Mid_2019,Above,Above,Middle-aged,N,3,3
ID110,ID110_1,K,4,2019,M,4/17/19,11/1/20,0,3,1,SMALL,1.54,11/10/12,6.43,0.029,15.561,42.684,0.042,26.093,-0.029306963,-0.732519039,-0.912229298,0.404816069,Small,Small_2019,Above,Below,Young,N,2,3
ID40,ID40_2,M1,5,2019,F,5/23/19,11/1/20,0,6,1,MEDIUM,1.45,2/1/09,10.3,0.130,9.151,114.901,0.018,35.668,-0.71826709,2.628004766,2.640690196,-0.748911069,Mid,Mid_2019,Below,Above,Middle-aged,Y,4,1
ID20,ID20_2,M1,6,2019,F,6/21/19,11/1/20,0,8,1,LARGE,1.37,10/18/10,8.67,0.071,8.382,121.482,0.020,36.382,-0.3257355,0.447977134,0.588926357,-0.666224152,Mid,Mid_2019,Below,Above,Middle-aged,Y,3,2
ID13,ID13_1,D1,7,2019,M,7/5/19,11/1/20,0,5,1,MEDIUM,1.33,5/25/07,12.11,0.065,23.652,158.003,0.030,55.714,-0.302555125,0.415464252,0.364017786,-0.178276766,Small,Small_2019,Below,Above,Middle-aged,N,3,2
ID48,ID48_1,C3,7,2019,M,7/18/19,8/23/19,1,3,1,SMALL,0.1,2/20/09,10.4,0.033,26.645,170.297,0.074,65.648,1.464236507,-0.579717812,-0.759428072,1.898359539,Small,Small_2019,Above,Below,Middle-aged,N,2,4
ID8,ID8_1,D1,7,2019,F,7/29/19,11/1/20,0,5,1,MEDIUM,1.26,2/16/01,18.44,0.082,26.460,156.296,0.016,56.416,-0.990041925,1.004758114,0.953311648,-0.865763567,Small,Small_2019,Below,Above,Old,N,4,1
ID89,ID89_1,D1,7,2019,M,7/29/19,11/1/20,0,5,1,MEDIUM,1.26,9/3/09,9.9,0.069,20.464,162.291,0.034,56.416,-0.1165023,0.562787076,0.511340609,0.007776058,Small,Small_2019,Above,Above,Middle-aged,N,3,3
ID102,ID102_1,D2,8,2019,F,8/5/19,11/1/20,0,4,1,SMALL,1.24,1/14/09,10.55,0.056,20.404,160.814,0.021,56.159,-0.881086742,0.16143054,0.045852177,-0.601886047,Small,Small_2019,Below,Above,Middle-aged,N,3,1
ID19,ID19_1,M2,8,2019,F,8/16/19,11/1/20,0,4,1,SMALL,1.21,10/24/02,16.81,0.082,10.814,120.168,0.049,36.635,0.445585027,1.077231267,0.961652904,0.724785722,Mid,Mid_2019,Above,Above,Old,N,4,3
ID93,ID93_4,T2,8,2019,M,8/26/19,11/1/20,0,4,1,SMALL,1.19,10/1/03,15.9,0.062,4.156,33.318,0.076,12.224,1.720998421,0.378728704,0.26315034,2.000199116,Mid,Mid_2019,Above,Above,Old,N,3,4
ID29,ID29_1,J1,8,2019,M,8/31/19,11/1/20,0,2,1,SMALL,1.17,3/28/13,6.43,0.016,14.084,25.664,0.049,54.023,0.12901977,-1.110359976,-1.354202133,0.718065139,Small,Small_2019,Above,Below,Young,Y,1,3
ID95,ID95_1,D1,9,2019,F,9/12/19,11/1/20,0,5,1,MEDIUM,1.14,4/1/13,6.45,0.044,13.078,162.501,0.003,55.213,-1.583544569,-0.318908748,-0.370355215,-1.459266211,Small,Small_2019,Below,Below,Young,N,2,1
ID78,ID78_1,V,9,2019,F,9/25/19,11/1/20,0,8,1,LARGE,1.1,12/1/07,11.82,0.040,14.583,83.937,0.026,49.764,-0.056350049,-0.64238684,-0.501437616,-0.396838702,Small,Small_2019,Above,Below,Middle-aged,N,2,3
ID54,ID54_2,C3,10,2019,M,10/1/19,11/1/20,0,2,1,SMALL,1.09,9/4/02,17.07,0.050,26.117,161.712,0.018,63.842,-1.325125746,0.094025229,-0.149816927,-0.736080377,Small,Small_2019,Below,Above,Old,N,3,1
ID36,ID36_1,D1,10,2019,F,10/8/19,11/1/20,0,5,1,MEDIUM,1.07,10/18/09,9.97,0.009,17.248,155.089,0.031,54.134,-0.236756621,-1.551541151,-1.602987618,-0.112478263,Small,Small_2019,Below,Below,Middle-aged,N,1,2
ID42,ID42_4,C3,10,2019,M,10/21/19,11/1/20,0,2,1,SMALL,1.03,7/28/06,13.23,0.053,23.600,165.786,0.057,64.739,0.521296557,0.170866191,-0.072975965,1.110341926,Small,Small_2019,Above,Above,Middle-aged,N,3,4
ID32,ID32_4,M2,10,2019,M,10/24/19,11/1/20,0,4,1,SMALL,1.02,11/4/02,16.97,0.026,11.713,126.421,0.005,37.981,-1.654495028,-0.883234044,-0.998812408,-1.375294333,Mid,Mid_2019,Below,Below,Old,N,1,1
ID16,ID16_1,C5,2,2020,M,2/21/20,11/1/20,0,4,1,SMALL,0.7,6/15/05,14.69,0.018,23.052,182.974,0.027,67.827,1.210509729,-0.535700508,-0.651278871,1.489710424,Small,Small_2020,Above,Below,Middle-aged,Y,2,4
ID38,ID38_1,T1,4,2020,M,4/2/20,11/1/20,0,4,1,SMALL,0.58,11/14/10,9.38,0.071,7.179,35.846,0.000,19.206,-1.751499997,1.797844059,1.682265696,-1.472299301,Mid,Mid_2020,Below,Above,Middle-aged,N,4,1
ID45,ID45_2,C5,8,2020,M,8/16/20,11/1/20,0,4,1,SMALL,0.21,1/24/10,10.56,0.026,19.113,156.850,0.018,70.110,0.186269037,-0.183053746,-0.298632109,0.465469733,Small,Small_2020,Above,Below,Middle-aged,Y,2,3
ID37,ID37_1,K,10,2020,F,10/14/20,11/1/20,0,3,1,SMALL,0.05,8/24/11,9.14,0.019,15.508,39.389,0.016,17.094,-0.134313849,-0.4317646,-0.61147486,0.299809183,Small,Small_2020,Above,Below,Middle-aged,N,2,3
ID23,ID23_1,V,10,2020,F,10/14/20,11/1/20,0,8,1,LARGE,0.05,10/3/14,6.03,0.049,6.791,110.323,0.010,21.401,-0.061995317,0.597181243,0.738130466,-0.402483969,Small,Small_2020,Above,Above,Young,N,4,3
ID35,ID35_2,V,10,2020,M,10/16/20,11/1/20,0,8,1,LARGE,0.04,3/11/07,13.6,0.014,13.933,103.180,0.010,21.401,-0.039717417,-0.999959546,-0.859010322,-0.380206069,Small,Small_2020,Above,Below,Middle-aged,N,1,3